"OBP","SLG","BA","WP","RD","Playoffs","Champion"
0.328,0.418,0.259,0.5,46,0,0
0.32,0.389,0.247,0.580246913580247,100,1,0
0.311,0.417,0.247,0.574074074074074,7,1,0
0.315,0.415,0.26,0.425925925925926,-72,0,0
0.302,0.378,0.24,0.376543209876543,-146,0,0
0.318,0.422,0.255,0.524691358024691,72,0,0
0.315,0.411,0.251,0.598765432098765,81,1,0
0.324,0.381,0.251,0.419753086419753,-178,0,0
0.33,0.436,0.274,0.395061728395062,-132,0,0
0.335,0.422,0.268,0.54320987654321,56,1,0
0.302,0.371,0.236,0.339506172839506,-211,0,0
0.317,0.4,0.265,0.444444444444444,-70,0,0
0.332,0.433,0.274,0.549382716049383,68,0,0
0.317,0.374,0.252,0.530864197530864,40,0,0
0.308,0.382,0.244,0.425925925925926,-115,0,0
0.325,0.437,0.259,0.512345679012346,43,0,0
0.325,0.39,0.26,0.407407407407407,-131,0,0
0.316,0.386,0.249,0.45679012345679,-59,0,0
0.337,0.453,0.265,0.58641975308642,136,1,0
0.31,0.404,0.238,0.580246913580247,99,1,0
0.317,0.4,0.255,0.5,4,0,0
0.304,0.395,0.243,0.487654320987654,-23,0,0
0.319,0.38,0.247,0.469135802469136,-59,0,0
0.296,0.369,0.234,0.462962962962963,-32,0,0
0.327,0.397,0.269,0.580246913580247,69,1,0
0.338,0.421,0.271,0.54320987654321,117,1,0
0.317,0.394,0.24,0.555555555555556,120,0,0
0.334,0.446,0.273,0.574074074074074,101,1,0
0.309,0.407,0.245,0.450617283950617,-68,0,0
0.322,0.428,0.261,0.604938271604938,137,1,1
0.322,0.413,0.25,0.580246913580247,69,1,0
0.308,0.387,0.243,0.549382716049383,36,0,0
0.316,0.413,0.257,0.425925925925926,-152,0,0
0.349,0.461,0.28,0.555555555555556,138,0,0
0.314,0.401,0.256,0.438271604938272,-102,0,0
0.319,0.388,0.252,0.487654320987654,-52,0,0
0.326,0.408,0.256,0.487654320987654,15,0,0
0.317,0.396,0.25,0.493827160493827,-56,0,0
0.329,0.41,0.258,0.450617283950617,-39,0,0
0.34,0.434,0.277,0.58641975308642,76,1,0
0.318,0.388,0.247,0.444444444444444,-77,0,0
0.311,0.374,0.258,0.345679012345679,-181,0,0
0.329,0.415,0.275,0.438271604938272,-32,0,0
0.313,0.402,0.253,0.530864197530864,34,0,0
0.322,0.375,0.257,0.509316770186335,32,0,0
0.325,0.425,0.261,0.592592592592593,83,1,0
0.306,0.36,0.247,0.388888888888889,-185,0,0
0.335,0.391,0.264,0.475308641975309,-24,0,0
0.343,0.444,0.263,0.598765432098765,210,1,0
0.311,0.369,0.244,0.45679012345679,-34,0,0
0.323,0.395,0.253,0.62962962962963,184,1,1
0.309,0.368,0.244,0.444444444444444,-102,0,0
0.305,0.349,0.237,0.438271604938272,-18,0,0
0.292,0.348,0.233,0.41358024691358,-119,0,0
0.303,0.368,0.242,0.530864197530864,-8,0,0
0.341,0.425,0.273,0.555555555555556,70,1,0
0.322,0.402,0.244,0.561728395061728,93,1,0
0.34,0.46,0.283,0.592592592592593,178,1,0
0.317,0.413,0.249,0.5,-18,0,0
0.309,0.383,0.242,0.496894409937888,-19,0,0
0.325,0.416,0.25,0.401234567901235,-123,0,0
0.339,0.401,0.258,0.561728395061728,109,1,0
0.316,0.386,0.259,0.407407407407407,-172,0,0
0.339,0.451,0.268,0.549382716049383,74,0,0
0.32,0.401,0.257,0.462962962962963,-82,0,0
0.332,0.42,0.268,0.54320987654321,48,0,0
0.338,0.436,0.272,0.561728395061728,105,1,0
0.322,0.378,0.248,0.425925925925926,-106,0,0
0.336,0.425,0.263,0.512345679012346,53,0,0
0.335,0.415,0.268,0.5,8,0,0
0.321,0.403,0.254,0.493827160493827,2,0,0
0.303,0.362,0.247,0.469135802469136,-118,0,0
0.331,0.399,0.274,0.41358024691358,-169,0,0
0.311,0.39,0.248,0.493827160493827,-21,0,0
0.322,0.379,0.252,0.493827160493827,-25,0,0
0.335,0.424,0.262,0.475308641975309,-54,0,0
0.341,0.422,0.273,0.580246913580247,110,1,0
0.314,0.383,0.249,0.487654320987654,4,0,0
0.35,0.436,0.267,0.58641975308642,166,1,0
0.324,0.378,0.256,0.5,37,0,0
0.332,0.413,0.26,0.598765432098765,132,1,1
0.304,0.373,0.242,0.351851851851852,-279,0,0
0.317,0.371,0.246,0.555555555555556,84,0,0
0.298,0.339,0.236,0.376543209876543,-185,0,0
0.321,0.408,0.257,0.567901234567901,114,1,0
0.332,0.402,0.263,0.530864197530864,95,0,0
0.333,0.403,0.247,0.592592592592593,153,1,0
0.338,0.419,0.276,0.555555555555556,100,1,0
0.312,0.454,0.248,0.524691358024691,27,0,0
0.318,0.39,0.25,0.425925925925926,-87,0,0
0.324,0.418,0.253,0.432098765432099,-62,0,0
0.339,0.405,0.263,0.530864197530864,94,0,0
0.332,0.415,0.268,0.395061728395062,-135,0,0
0.352,0.454,0.27,0.58641975308642,136,1,0
0.332,0.407,0.255,0.515527950310559,35,0,0
0.329,0.411,0.258,0.487654320987654,-8,0,0
0.318,0.394,0.247,0.481481481481481,-50,0,0
0.339,0.417,0.264,0.401234567901235,-92,0,0
0.343,0.441,0.261,0.567901234567901,89,1,0
0.331,0.416,0.26,0.52760736196319,-2,0,0
0.34,0.416,0.268,0.537037037037037,6,0,0
0.319,0.4,0.26,0.45679012345679,-127,0,0
0.318,0.405,0.259,0.401234567901235,-156,0,0
0.35,0.441,0.285,0.598765432098765,122,1,0
0.346,0.412,0.27,0.58641975308642,169,1,0
0.341,0.426,0.263,0.493827160493827,-33,0,0
0.345,0.429,0.274,0.533742331288344,52,1,0
0.335,0.394,0.27,0.432098765432099,-86,0,0
0.362,0.478,0.283,0.635802469135803,162,1,1
0.328,0.397,0.262,0.462962962962963,-2,0,0
0.334,0.447,0.258,0.574074074074074,111,1,0
0.318,0.387,0.252,0.385093167701863,-132,0,0
0.321,0.381,0.242,0.462962962962963,-131,0,0
0.314,0.402,0.258,0.524691358024691,-52,0,0
0.309,0.389,0.257,0.54320987654321,46,0,0
0.332,0.415,0.263,0.561728395061728,90,1,0
0.343,0.439,0.263,0.518518518518518,49,0,0
0.32,0.445,0.26,0.537037037037037,44,0,0
0.333,0.44,0.266,0.462962962962963,27,0,0
0.337,0.406,0.258,0.364197530864198,-164,0,0
0.327,0.415,0.251,0.506172839506173,14,0,0
0.345,0.408,0.27,0.444444444444444,-25,0,0
0.333,0.429,0.267,0.422360248447205,-87,0,0
0.358,0.447,0.28,0.58641975308642,151,1,0
0.354,0.443,0.278,0.602484472049689,184,1,0
0.332,0.448,0.263,0.54601226993865,82,1,0
0.321,0.408,0.247,0.45679012345679,-96,0,0
0.339,0.424,0.262,0.5,44,0,0
0.336,0.415,0.263,0.45679012345679,-75,0,0
0.34,0.444,0.271,0.45679012345679,-36,0,0
0.326,0.433,0.254,0.521739130434783,3,0,0
0.323,0.415,0.263,0.53416149068323,-31,0,0
0.32,0.397,0.269,0.462962962962963,-90,0,0
0.33,0.413,0.268,0.617283950617284,68,1,1
0.333,0.399,0.264,0.518518518518518,52,1,0
0.325,0.431,0.253,0.555555555555556,61,1,0
0.34,0.408,0.279,0.539877300613497,84,0,0
0.34,0.42,0.266,0.549382716049383,84,0,0
0.342,0.427,0.271,0.549382716049383,62,0,0
0.318,0.369,0.242,0.46583850931677,-44,0,0
0.332,0.438,0.255,0.567901234567901,119,1,0
0.32,0.403,0.258,0.41358024691358,-149,0,0
0.317,0.39,0.25,0.388888888888889,-127,0,0
0.318,0.389,0.265,0.376543209876543,-140,0,0
0.321,0.382,0.262,0.444444444444444,-119,0,0
0.35,0.433,0.281,0.530864197530864,54,0,0
0.34,0.422,0.26,0.598765432098765,103,1,0
0.354,0.462,0.283,0.487654320987654,-66,0,0
0.331,0.399,0.264,0.530864197530864,104,0,0
0.323,0.373,0.251,0.366459627329193,-184,0,0
0.321,0.413,0.25,0.555555555555556,-20,1,0
0.339,0.435,0.275,0.518518518518518,77,0,0
0.333,0.412,0.272,0.425925925925926,-112,0,0
0.362,0.444,0.279,0.592592592592593,210,1,1
0.333,0.422,0.271,0.524691358024691,62,1,0
0.318,0.404,0.246,0.444444444444444,-146,0,0
0.335,0.436,0.267,0.444444444444444,-70,0,0
0.343,0.428,0.268,0.592592592592593,107,1,1
0.354,0.437,0.28,0.552147239263804,102,1,0
0.345,0.458,0.287,0.54320987654321,90,0,0
0.336,0.448,0.267,0.438271604938272,-101,0,0
0.33,0.412,0.26,0.450617283950617,-90,0,0
0.322,0.388,0.261,0.425925925925926,-72,0,0
0.345,0.417,0.284,0.580246913580247,91,1,0
0.337,0.406,0.275,0.506172839506173,8,0,0
0.329,0.456,0.262,0.512345679012346,25,0,0
0.33,0.391,0.264,0.487654320987654,-7,0,0
0.342,0.432,0.275,0.54320987654321,54,0,0
0.366,0.463,0.29,0.580246913580247,191,1,0
0.338,0.407,0.256,0.469135802469136,-17,0,0
0.354,0.458,0.274,0.549382716049383,71,1,0
0.325,0.411,0.263,0.419753086419753,-122,0,0
0.322,0.411,0.251,0.54601226993865,75,0,0
0.337,0.425,0.287,0.54320987654321,-19,0,0
0.322,0.387,0.254,0.438271604938272,-37,0,0
0.337,0.405,0.274,0.481481481481481,-104,0,0
0.336,0.433,0.268,0.407407407407407,-162,0,0
0.328,0.426,0.263,0.462962962962963,-28,0,0
0.327,0.419,0.259,0.512345679012346,54,0,0
0.325,0.39,0.256,0.450617283950617,-110,0,0
0.331,0.424,0.267,0.469135802469136,-15,0,0
0.337,0.455,0.27,0.487654320987654,44,0,0
0.339,0.424,0.277,0.432098765432099,-131,0,0
0.351,0.435,0.269,0.530864197530864,-5,0,0
0.319,0.422,0.268,0.407407407407407,-118,0,0
0.342,0.464,0.28,0.555555555555556,74,0,0
0.336,0.432,0.257,0.493827160493827,-52,0,0
0.349,0.457,0.28,0.481481481481481,88,0,0
0.341,0.433,0.27,0.469135802469136,1,0,0
0.329,0.449,0.274,0.58641975308642,147,1,0
0.331,0.435,0.264,0.481481481481481,-14,0,0
0.332,0.409,0.255,0.506172839506173,16,0,0
0.332,0.411,0.271,0.382716049382716,-214,0,0
0.334,0.425,0.274,0.549382716049383,34,0,0
0.348,0.432,0.276,0.54320987654321,69,1,0
0.327,0.42,0.258,0.462962962962963,-103,0,0
0.347,0.425,0.287,0.592592592592593,118,1,0
0.334,0.445,0.264,0.598765432098765,103,1,1
0.363,0.461,0.285,0.598765432098765,163,1,1
0.34,0.412,0.26,0.574074074074074,44,1,0
0.347,0.447,0.267,0.524691358024691,53,0,0
0.327,0.397,0.263,0.41358024691358,-106,0,0
0.332,0.416,0.263,0.54320987654321,52,1,0
0.325,0.424,0.272,0.481481481481481,-36,0,0
0.324,0.422,0.259,0.472049689440994,-44,0,0
0.337,0.431,0.269,0.515527950310559,19,1,0
0.314,0.42,0.255,0.376543209876543,-167,0,0
0.338,0.446,0.278,0.493827160493827,51,0,0
0.348,0.463,0.284,0.537037037037037,55,0,0
0.338,0.418,0.262,0.438271604938272,-126,0,0
0.332,0.421,0.256,0.475308641975309,-160,0,0
0.333,0.435,0.265,0.555555555555556,95,1,0
0.327,0.434,0.269,0.45679012345679,-71,0,0
0.357,0.454,0.281,0.58641975308642,105,1,0
0.324,0.44,0.27,0.487654320987654,-11,0,0
0.322,0.425,0.262,0.611111111111111,96,1,0
0.339,0.446,0.261,0.447852760736196,-69,0,0
0.334,0.453,0.271,0.574074074074074,148,0,0
0.333,0.411,0.267,0.41358024691358,-122,0,0
0.321,0.428,0.272,0.438271604938272,-64,0,0
0.339,0.409,0.272,0.512345679012346,-15,0,0
0.322,0.408,0.256,0.54601226993865,84,1,0
0.32,0.396,0.263,0.345679012345679,-234,0,0
0.325,0.409,0.27,0.58641975308642,118,1,0
0.326,0.395,0.253,0.438271604938272,-70,0,0
0.331,0.423,0.259,0.5,29,0,0
0.323,0.391,0.259,0.512345679012346,26,0,0
0.322,0.416,0.258,0.512345679012346,74,0,0
0.355,0.45,0.276,0.58641975308642,97,1,0
0.33,0.407,0.262,0.54320987654321,114,0,0
0.348,0.423,0.27,0.54320987654321,81,0,0
0.322,0.4,0.259,0.41358024691358,-89,0,0
0.333,0.391,0.257,0.506172839506173,-42,1,0
0.317,0.391,0.256,0.425925925925926,-52,0,0
0.319,0.396,0.261,0.462962962962963,-96,0,0
0.339,0.423,0.27,0.617283950617284,171,1,1
0.329,0.425,0.274,0.41358024691358,-186,0,0
0.329,0.468,0.267,0.487654320987654,7,0,0
0.331,0.407,0.265,0.493827160493827,70,0,0
0.322,0.386,0.252,0.5,-34,0,0
0.341,0.429,0.282,0.567901234567901,102,1,0
0.31,0.393,0.253,0.314814814814815,-284,0,0
0.343,0.434,0.27,0.592592592592593,135,1,0
0.345,0.432,0.281,0.481481481481481,12,0,0
0.36,0.472,0.282,0.604938271604938,181,1,0
0.328,0.458,0.268,0.549382716049383,124,0,0
0.333,0.457,0.268,0.512345679012346,34,0,0
0.331,0.418,0.25,0.469135802469136,-157,0,0
0.351,0.444,0.276,0.493827160493827,1,0,0
0.345,0.455,0.275,0.419753086419753,-90,0,0
0.337,0.449,0.272,0.444444444444444,-17,0,0
0.329,0.406,0.264,0.512345679012346,18,0,0
0.342,0.436,0.267,0.567901234567901,105,1,0
0.322,0.397,0.259,0.358024691358025,-185,0,0
0.332,0.423,0.262,0.574074074074074,77,1,0
0.321,0.387,0.248,0.416149068322981,-123,0,0
0.332,0.431,0.266,0.567901234567901,65,1,0
0.313,0.392,0.249,0.41358024691358,-134,0,0
0.317,0.409,0.249,0.438271604938272,-47,0,0
0.353,0.458,0.268,0.623456790123457,89,1,0
0.343,0.433,0.27,0.561728395061728,51,0,0
0.345,0.443,0.267,0.530864197530864,59,0,0
0.321,0.401,0.26,0.447204968944099,-64,0,0
0.342,0.414,0.273,0.537037037037037,63,0,0
0.331,0.396,0.27,0.388888888888889,-125,0,0
0.357,0.438,0.27,0.561728395061728,80,0,0
0.344,0.46,0.278,0.648148148148148,196,1,1
0.32,0.405,0.258,0.434782608695652,-128,0,0
0.329,0.457,0.266,0.549382716049383,66,0,0
0.328,0.403,0.26,0.416149068322981,-104,0,0
0.33,0.413,0.268,0.475308641975309,-7,0,0
0.33,0.417,0.263,0.518518518518518,32,0,0
0.349,0.475,0.284,0.623456790123457,167,1,1
0.323,0.405,0.268,0.43558282208589,-77,0,0
0.36,0.491,0.289,0.58641975308642,152,1,0
0.323,0.416,0.259,0.54320987654321,41,1,0
0.331,0.446,0.263,0.530864197530864,76,0,0
0.318,0.395,0.245,0.425925925925926,-192,0,0
0.316,0.401,0.254,0.419753086419753,-79,0,0
0.344,0.445,0.267,0.45679012345679,-39,0,0
0.3,0.375,0.24,0.265432098765432,-337,0,0
0.333,0.421,0.266,0.561728395061728,59,1,0
0.336,0.431,0.263,0.537037037037037,128,0,0
0.336,0.427,0.274,0.512345679012346,-31,0,0
0.303,0.368,0.243,0.524691358024691,18,0,0
0.329,0.419,0.256,0.419753086419753,-159,0,0
0.341,0.431,0.277,0.555555555555556,43,1,0
0.326,0.401,0.258,0.512345679012346,-5,0,0
0.314,0.374,0.247,0.409937888198758,-112,0,0
0.356,0.453,0.271,0.619631901840491,161,1,1
0.327,0.417,0.254,0.592592592592593,125,1,0
0.343,0.419,0.261,0.530864197530864,94,0,0
0.338,0.42,0.267,0.462962962962963,-48,0,0
0.333,0.388,0.261,0.395061728395062,-153,0,0
0.344,0.41,0.271,0.574074074074074,158,0,0
0.338,0.425,0.264,0.62111801242236,117,1,0
0.35,0.454,0.279,0.524691358024691,80,0,0
0.32,0.404,0.265,0.388888888888889,-137,0,0
0.33,0.454,0.266,0.438271604938272,-143,0,0
0.349,0.455,0.279,0.530864197530864,68,0,0
0.341,0.433,0.282,0.611111111111111,207,1,0
0.346,0.423,0.267,0.604938271604938,145,1,0
0.331,0.409,0.26,0.627329192546584,143,1,0
0.309,0.403,0.246,0.41358024691358,-106,0,0
0.345,0.444,0.277,0.574074074074074,194,0,0
0.321,0.413,0.246,0.41358024691358,-53,0,0
0.338,0.449,0.268,0.5,58,0,0
0.33,0.408,0.253,0.481481481481481,-65,0,0
0.321,0.412,0.249,0.45679012345679,-98,0,0
0.337,0.423,0.274,0.450617283950617,-120,0,0
0.3,0.379,0.248,0.341614906832298,-289,0,0
0.337,0.403,0.261,0.487654320987654,-64,0,0
0.338,0.417,0.262,0.518518518518518,54,0,0
0.323,0.398,0.256,0.382716049382716,-154,0,0
0.32,0.409,0.264,0.567901234567901,70,0,0
0.32,0.39,0.253,0.345679012345679,-194,0,0
0.332,0.437,0.272,0.583850931677019,56,1,0
0.334,0.418,0.261,0.512345679012346,17,0,0
0.322,0.395,0.256,0.46583850931677,-13,0,0
0.354,0.455,0.275,0.639751552795031,200,1,1
0.339,0.432,0.261,0.635802469135803,146,1,1
0.339,0.422,0.259,0.496894409937888,-14,0,0
0.319,0.381,0.244,0.447204968944099,-89,0,0
0.321,0.381,0.253,0.407407407407407,-153,0,0
0.35,0.419,0.275,0.574074074074074,115,0,0
0.344,0.442,0.267,0.58641975308642,167,1,0
0.338,0.425,0.268,0.598765432098765,139,1,0
0.314,0.39,0.253,0.341614906832298,-245,0,0
0.338,0.455,0.269,0.444444444444444,-39,0,0
0.327,0.43,0.261,0.481481481481481,-15,0,0
0.327,0.405,0.261,0.462962962962963,-39,0,0
0.341,0.442,0.267,0.567901234567901,141,1,0
0.324,0.412,0.26,0.54320987654321,86,1,0
0.319,0.38,0.248,0.388888888888889,-142,0,0
0.334,0.439,0.266,0.509316770186335,27,0,0
0.336,0.43,0.261,0.54320987654321,76,0,0
0.334,0.451,0.268,0.512345679012346,3,0,0
0.324,0.419,0.262,0.407407407407407,-115,0,0
0.35,0.458,0.278,0.561728395061728,76,1,0
0.354,0.483,0.292,0.450617283950617,17,0,0
0.32,0.409,0.26,0.407407407407407,-152,0,0
0.326,0.423,0.264,0.469135802469136,-2,0,0
0.347,0.451,0.271,0.574074074074074,78,1,0
0.318,0.409,0.266,0.401234567901235,-129,0,0
0.323,0.425,0.255,0.530864197530864,14,0,0
0.319,0.426,0.251,0.419753086419753,-66,0,0
0.337,0.433,0.272,0.524691358024691,5,0,0
0.319,0.396,0.253,0.419753086419753,-142,0,0
0.323,0.387,0.249,0.506172839506173,-71,0,0
0.334,0.435,0.267,0.590062111801242,91,1,0
0.345,0.439,0.264,0.62962962962963,239,1,0
0.329,0.414,0.26,0.530864197530864,27,0,0
0.313,0.393,0.247,0.382716049382716,-201,0,0
0.336,0.399,0.252,0.487654320987654,-23,0,0
0.36,0.445,0.288,0.716049382716049,300,1,1
0.342,0.46,0.266,0.555555555555556,51,0,0
0.339,0.441,0.27,0.574074074074074,130,1,0
0.32,0.388,0.258,0.382716049382716,-215,0,0
0.344,0.471,0.275,0.450617283950617,-78,0,0
0.325,0.43,0.263,0.493827160493827,14,0,0
0.352,0.472,0.28,0.506172839506173,-5,0,0
0.333,0.429,0.265,0.524691358024691,38,0,0
0.346,0.429,0.271,0.58641975308642,96,1,0
0.341,0.435,0.272,0.45679012345679,-119,0,0
0.341,0.423,0.267,0.524691358024691,47,0,0
0.335,0.411,0.256,0.401234567901235,-140,0,0
0.356,0.47,0.286,0.58641975308642,139,1,0
0.343,0.447,0.274,0.521472392638037,60,0,0
0.367,0.47,0.288,0.555555555555556,134,0,0
0.362,0.455,0.294,0.506172839506173,71,0,0
0.343,0.438,0.275,0.487654320987654,-4,0,0
0.331,0.409,0.262,0.490683229813665,-66,0,0
0.361,0.477,0.278,0.444444444444444,-6,0,0
0.348,0.425,0.288,0.475308641975309,-51,0,0
0.341,0.431,0.257,0.530864197530864,69,0,0
0.325,0.403,0.246,0.447852760736196,-86,0,0
0.337,0.407,0.27,0.425925925925926,-132,0,0
0.326,0.432,0.266,0.41358024691358,-164,0,0
0.346,0.43,0.263,0.580246913580247,69,1,0
0.354,0.45,0.277,0.540372670807453,57,1,0
0.36,0.458,0.27,0.565217391304348,134,1,0
0.329,0.4,0.251,0.401234567901235,-122,0,0
0.339,0.424,0.267,0.425925925925926,-95,0,0
0.33,0.402,0.254,0.469135802469136,-63,0,0
0.361,0.442,0.269,0.561728395061728,127,1,0
0.362,0.472,0.278,0.598765432098765,178,1,1
0.356,0.455,0.27,0.58641975308642,116,1,0
0.329,0.399,0.257,0.428571428571429,-109,0,0
0.352,0.446,0.283,0.438271604938272,-126,0,0
0.341,0.469,0.275,0.512345679012346,-47,0,0
0.322,0.395,0.256,0.432098765432099,-115,0,0
0.347,0.459,0.277,0.617283950617284,232,1,0
0.341,0.436,0.266,0.635802469135803,179,1,1
0.353,0.447,0.279,0.481481481481481,36,0,0
0.35,0.448,0.278,0.580246913580247,118,1,0
0.329,0.42,0.257,0.41358024691358,-173,0,0
0.337,0.429,0.277,0.462962962962963,-93,0,0
0.341,0.451,0.272,0.588957055214724,154,0,0
0.373,0.467,0.289,0.598765432098765,149,1,0
0.348,0.472,0.288,0.444444444444444,-122,0,0
0.326,0.443,0.261,0.428571428571429,-135,0,0
0.325,0.395,0.263,0.395061728395062,-161,0,0
0.355,0.42,0.267,0.598765432098765,148,1,0
0.348,0.433,0.282,0.397515527950311,-65,0,0
0.339,0.42,0.266,0.475308641975309,6,0,0
0.353,0.426,0.273,0.459627329192547,-71,0,0
0.328,0.384,0.264,0.391304347826087,-159,0,0
0.323,0.427,0.265,0.419753086419753,-135,0,0
0.363,0.434,0.279,0.595092024539877,142,1,0
0.366,0.453,0.282,0.604938271604938,169,1,0
0.355,0.446,0.259,0.537037037037037,47,0,0
0.351,0.431,0.275,0.475308641975309,-5,0,0
0.334,0.419,0.259,0.484472049689441,-7,0,0
0.332,0.393,0.252,0.45679012345679,-71,0,0
0.343,0.455,0.269,0.487654320987654,-46,0,0
0.356,0.434,0.271,0.530864197530864,41,0,0
0.338,0.426,0.262,0.46583850931677,-29,0,0
0.343,0.411,0.274,0.425925925925926,-141,0,0
0.361,0.479,0.293,0.58641975308642,86,1,0
0.352,0.457,0.28,0.518518518518518,21,0,0
0.335,0.415,0.272,0.524691358024691,4,0,0
0.314,0.393,0.246,0.401234567901235,-147,0,0
0.342,0.453,0.272,0.654320987654321,245,1,0
0.347,0.447,0.273,0.487654320987654,32,0,0
0.348,0.463,0.28,0.567901234567901,147,1,0
0.337,0.433,0.264,0.552147239263804,39,1,0
0.339,0.444,0.271,0.49079754601227,-70,0,0
0.337,0.402,0.262,0.475308641975309,-10,0,0
0.347,0.448,0.272,0.549382716049383,71,1,0
0.347,0.461,0.291,0.475308641975309,-29,0,0
0.323,0.415,0.264,0.401234567901235,-141,0,0
0.317,0.373,0.248,0.333333333333333,-256,0,0
0.356,0.436,0.28,0.62962962962963,254,1,0
0.324,0.399,0.263,0.447204968944099,-185,0,0
0.31,0.387,0.252,0.512345679012346,-9,0,0
0.33,0.396,0.26,0.45679012345679,-105,0,0
0.328,0.389,0.266,0.432098765432099,-84,0,0
0.31,0.394,0.249,0.401234567901235,-139,0,0
0.33,0.394,0.259,0.54320987654321,61,0,0
0.364,0.46,0.288,0.703703703703704,309,1,1
0.338,0.397,0.257,0.45679012345679,-62,0,0
0.326,0.395,0.264,0.462962962962963,-95,0,0
0.311,0.374,0.254,0.423312883435583,-68,0,0
0.33,0.409,0.253,0.604938271604938,114,1,0
0.345,0.468,0.276,0.472049689440994,4,0,0
0.353,0.421,0.274,0.54601226993865,106,0,0
0.341,0.441,0.258,0.50920245398773,28,0,0
0.321,0.385,0.261,0.388888888888889,-131,0,0
0.357,0.462,0.289,0.54320987654321,69,1,0
0.34,0.448,0.266,0.539877300613497,48,0,0
0.346,0.416,0.272,0.518518518518518,35,0,0
0.343,0.426,0.27,0.623456790123457,210,1,1
0.341,0.429,0.268,0.604938271604938,131,1,0
0.352,0.463,0.291,0.481481481481481,-6,0,0
0.321,0.396,0.263,0.419753086419753,-72,0,0
0.341,0.417,0.273,0.496894409937888,-54,0,0
0.321,0.389,0.253,0.469135802469136,-113,0,0
0.358,0.467,0.286,0.53416149068323,53,1,0
0.357,0.478,0.288,0.512345679012346,15,0,0
0.332,0.415,0.258,0.487654320987654,-6,0,0
0.346,0.395,0.259,0.567901234567901,71,1,0
0.344,0.403,0.259,0.518518518518518,117,1,0
0.333,0.407,0.264,0.416149068322981,-73,0,0
0.33,0.418,0.268,0.54320987654321,97,0,0
0.325,0.398,0.26,0.484472049689441,-61,0,0
0.333,0.409,0.27,0.419753086419753,-89,0,0
0.316,0.425,0.258,0.481481481481481,-49,0,0
0.332,0.405,0.262,0.54320987654321,68,0,0
0.362,0.436,0.287,0.592592592592593,203,1,0
0.339,0.423,0.26,0.401234567901235,-182,0,0
0.322,0.385,0.255,0.419753086419753,-172,0,0
0.329,0.404,0.262,0.487654320987654,-35,0,0
0.342,0.407,0.271,0.469135802469136,-96,0,0
0.355,0.485,0.28,0.555555555555556,92,1,0
0.337,0.414,0.258,0.555555555555556,-9,1,0
0.324,0.396,0.255,0.450617283950617,-19,0,0
0.334,0.438,0.274,0.475308641975309,-16,0,0
0.31,0.389,0.244,0.469135802469136,-40,0,0
0.333,0.432,0.27,0.592592592592593,125,1,0
0.35,0.472,0.274,0.539877300613497,46,1,0
0.359,0.457,0.283,0.524691358024691,7,0,0
0.339,0.431,0.276,0.434782608695652,-181,0,0
0.32,0.401,0.251,0.469135802469136,1,0,0
0.36,0.447,0.281,0.524691358024691,104,0,0
0.331,0.422,0.256,0.5,5,0,0
0.369,0.475,0.293,0.614906832298137,183,1,1
0.355,0.472,0.287,0.512345679012346,-3,0,0
0.323,0.42,0.256,0.327160493827161,-320,0,0
0.329,0.393,0.257,0.493827160493827,-15,0,0
0.336,0.397,0.262,0.506172839506173,-39,0,0
0.332,0.398,0.267,0.46583850931677,-40,0,0
0.316,0.384,0.252,0.555555555555556,51,1,0
0.353,0.441,0.279,0.493827160493827,-5,0,0
0.357,0.425,0.288,0.481481481481481,-23,0,0
0.327,0.406,0.262,0.54320987654321,73,0,0
0.324,0.412,0.27,0.438271604938272,-33,0,0
0.36,0.436,0.288,0.567901234567901,84,1,0
0.344,0.452,0.265,0.481481481481481,-39,0,0
0.325,0.387,0.256,0.41358024691358,-140,0,0
0.329,0.407,0.266,0.450617283950617,-57,0,0
0.338,0.402,0.265,0.561728395061728,89,1,0
0.366,0.484,0.287,0.527950310559006,98,0,0
0.331,0.388,0.253,0.419753086419753,-110,0,0
0.33,0.407,0.267,0.54320987654321,53,1,0
0.358,0.469,0.284,0.552147239263804,129,1,0
0.331,0.42,0.259,0.45679012345679,-43,0,0
0.331,0.408,0.262,0.641975308641975,208,1,1
0.346,0.413,0.267,0.524691358024691,41,0,0
0.33,0.395,0.264,0.493827160493827,-12,0,0
0.331,0.38,0.26,0.438271604938272,-86,0,0
0.325,0.414,0.27,0.515337423312883,-1,0,0
0.338,0.411,0.265,0.580246913580247,112,1,0
0.324,0.396,0.264,0.450617283950617,-63,0,0
0.335,0.409,0.275,0.469135802469136,-23,0,0
0.323,0.422,0.273,0.41358024691358,-209,0,0
0.362,0.434,0.275,0.524691358024691,62,0,0
0.314,0.346,0.248,0.395061728395062,-143,0,0
0.33,0.409,0.267,0.524691358024691,86,0,0
0.32,0.397,0.263,0.518518518518518,-19,0,0
0.321,0.383,0.261,0.5,13,0,0
0.328,0.378,0.258,0.425925925925926,-59,0,0
0.327,0.385,0.264,0.438271604938272,-137,0,0
0.326,0.386,0.257,0.576687116564417,50,0,0
0.305,0.39,0.248,0.364197530864198,-72,0,0
0.353,0.435,0.279,0.54320987654321,60,0,0
0.33,0.394,0.254,0.419753086419753,-131,0,0
0.351,0.426,0.274,0.598765432098765,137,1,0
0.335,0.393,0.267,0.462962962962963,-99,0,0
0.312,0.389,0.252,0.376543209876543,-93,0,0
0.339,0.406,0.26,0.506172839506173,3,0,0
0.34,0.427,0.276,0.635802469135803,172,0,0
0.341,0.395,0.272,0.537037037037037,14,0,0
0.329,0.431,0.267,0.530864197530864,84,0,0
0.35,0.436,0.279,0.58641975308642,105,1,0
0.316,0.388,0.254,0.604938271604938,113,1,1
0.34,0.398,0.259,0.549382716049383,49,0,0
0.321,0.347,0.246,0.450617283950617,-70,0,0
0.301,0.338,0.243,0.444444444444444,-92,0,0
0.307,0.364,0.254,0.481481481481481,-31,0,0
0.336,0.383,0.261,0.530864197530864,48,0,0
0.328,0.382,0.26,0.555555555555556,51,0,0
0.323,0.383,0.266,0.469135802469136,-72,0,0
0.337,0.407,0.256,0.462962962962963,-3,0,0
0.313,0.359,0.246,0.5,-60,0,0
0.315,0.364,0.256,0.444444444444444,-57,0,0
0.313,0.339,0.248,0.388888888888889,-88,0,0
0.33,0.375,0.268,0.567901234567901,136,0,0
0.341,0.391,0.277,0.555555555555556,94,0,0
0.313,0.37,0.252,0.537037037037037,67,0,0
0.31,0.342,0.235,0.444444444444444,-54,0,0
0.328,0.406,0.261,0.469135802469136,-13,0,0
0.346,0.386,0.258,0.592592592592593,73,1,0
0.32,0.377,0.253,0.432098765432099,-31,0,0
0.324,0.381,0.255,0.592592592592593,98,1,0
0.313,0.386,0.255,0.506172839506173,-19,0,0
0.323,0.402,0.263,0.395061728395062,-120,0,0
0.302,0.355,0.244,0.444444444444444,-73,0,0
0.323,0.375,0.262,0.512345679012346,27,0,0
0.321,0.393,0.25,0.475308641975309,-71,0,0
0.333,0.414,0.263,0.592592592592593,98,1,0
0.328,0.393,0.258,0.580246913580247,105,1,0
0.319,0.401,0.254,0.41358024691358,-110,0,0
0.34,0.401,0.269,0.518518518518518,19,0,0
0.314,0.374,0.255,0.5,4,0,0
0.309,0.39,0.253,0.48125,-39,0,0
0.336,0.391,0.262,0.537037037037037,77,0,0
0.32,0.403,0.258,0.45679012345679,-2,0,0
0.313,0.35,0.254,0.351851851851852,-183,0,0
0.333,0.416,0.247,0.518518518518518,23,0,0
0.309,0.347,0.244,0.401234567901235,-112,0,0
0.328,0.394,0.264,0.506172839506173,5,0,0
0.326,0.359,0.253,0.574074074074074,100,0,0
0.336,0.396,0.271,0.512345679012346,55,0,0
0.344,0.42,0.28,0.58641975308642,124,1,0
0.308,0.357,0.246,0.440993788819876,-76,0,0
0.317,0.365,0.244,0.478260869565217,-6,0,0
0.316,0.387,0.256,0.438271604938272,-103,0,0
0.331,0.389,0.248,0.518518518518518,-16,0,0
0.303,0.358,0.241,0.481481481481481,-51,0,0
0.338,0.398,0.263,0.604938271604938,136,1,1
0.31,0.362,0.244,0.518518518518518,-10,0,0
0.328,0.383,0.255,0.512345679012346,28,0,0
0.309,0.381,0.246,0.462962962962963,-48,0,0
0.322,0.357,0.255,0.518518518518518,3,0,0
0.341,0.424,0.27,0.524691358024691,15,0,0
0.322,0.4,0.257,0.561728395061728,62,1,0
0.311,0.396,0.25,0.401234567901235,-139,0,0
0.33,0.37,0.245,0.472049689440994,-29,0,0
0.344,0.395,0.272,0.54320987654321,35,1,0
0.329,0.391,0.26,0.493827160493827,-16,0,0
0.314,0.392,0.263,0.475308641975309,-84,0,0
0.32,0.379,0.258,0.580246913580247,49,0,0
0.325,0.399,0.265,0.561728395061728,96,1,0
0.324,0.391,0.267,0.475308641975309,-5,0,0
0.337,0.409,0.259,0.487654320987654,-4,0,0
0.313,0.345,0.242,0.462962962962963,-83,0,0
0.328,0.395,0.267,0.46583850931677,-2,0,0
0.328,0.382,0.262,0.530864197530864,43,0,0
0.32,0.384,0.256,0.45679012345679,-28,0,0
0.324,0.385,0.265,0.45679012345679,-63,0,0
0.322,0.37,0.25,0.524691358024691,64,0,0
0.323,0.408,0.256,0.561728395061728,162,0,0
0.3,0.366,0.241,0.41358024691358,-146,0,0
0.336,0.391,0.254,0.635802469135803,163,1,1
0.327,0.363,0.255,0.475308641975309,-83,0,0
0.33,0.405,0.259,0.58641975308642,114,1,0
0.32,0.38,0.257,0.462962962962963,0,0,0
0.333,0.373,0.259,0.475308641975309,-40,0,0
0.323,0.396,0.262,0.524691358024691,9,0,0
0.32,0.358,0.256,0.432098765432099,-99,0,0
0.331,0.376,0.259,0.512345679012346,-20,0,0
0.328,0.419,0.265,0.530864197530864,106,0,0
0.298,0.35,0.234,0.391304347826087,-96,0,0
0.326,0.379,0.252,0.537037037037037,22,0,0
0.351,0.403,0.277,0.512345679012346,39,0,0
0.311,0.386,0.256,0.561728395061728,91,0,0
0.319,0.387,0.261,0.574074074074074,79,1,0
0.328,0.383,0.271,0.428571428571429,-57,0,0
0.309,0.37,0.247,0.462962962962963,-59,0,0
0.31,0.365,0.245,0.450617283950617,-50,0,0
0.318,0.351,0.242,0.364197530864198,-199,0,0
0.306,0.345,0.239,0.530864197530864,-22,0,0
0.329,0.373,0.261,0.567901234567901,55,0,0
0.306,0.339,0.24,0.48125,18,0,0
0.318,0.382,0.259,0.5,28,0,0
0.334,0.402,0.276,0.493827160493827,2,0,0
0.319,0.361,0.247,0.5,2,0,0
0.311,0.385,0.246,0.537037037037037,88,0,0
0.331,0.391,0.269,0.459627329192547,-94,0,0
0.331,0.381,0.261,0.611111111111111,136,1,1
0.314,0.364,0.243,0.411042944785276,-106,0,0
0.311,0.359,0.241,0.451219512195122,-43,0,0
0.319,0.369,0.251,0.549382716049383,16,0,0
0.32,0.384,0.257,0.450617283950617,-34,0,0
0.316,0.39,0.25,0.567901234567901,99,1,0
0.321,0.363,0.258,0.524390243902439,24,0,0
0.326,0.394,0.263,0.512345679012346,-19,0,0
0.323,0.398,0.26,0.549382716049383,80,1,0
0.298,0.348,0.242,0.3375,-186,0,0
0.305,0.359,0.238,0.335403726708075,-239,0,0
0.357,0.42,0.283,0.549382716049383,124,1,0
0.321,0.385,0.261,0.462962962962963,-57,0,0
0.31,0.383,0.261,0.47239263803681,-34,0,0
0.303,0.37,0.244,0.440993788819876,-126,0,0
0.309,0.368,0.246,0.540372670807453,45,0,0
0.314,0.387,0.261,0.481481481481481,-65,0,0
0.324,0.378,0.25,0.54320987654321,45,0,0
0.306,0.351,0.244,0.506172839506173,-14,0,0
0.321,0.391,0.259,0.521739130434783,56,0,0
0.305,0.352,0.248,0.580246913580247,84,1,0
0.314,0.375,0.257,0.537037037037037,66,0,0
0.34,0.421,0.274,0.561728395061728,87,0,0
0.309,0.373,0.251,0.496932515337423,36,0,0
0.325,0.396,0.256,0.625,171,1,0
0.333,0.395,0.263,0.527950310559006,24,0,0
0.336,0.399,0.263,0.641975308641975,180,1,1
0.306,0.355,0.239,0.401234567901235,-137,0,0
0.317,0.369,0.247,0.53125,35,0,0
0.31,0.351,0.247,0.515527950310559,11,0,0
0.317,0.398,0.257,0.422360248447205,-80,0,0
0.318,0.368,0.248,0.512345679012346,44,0,0
0.309,0.337,0.249,0.469135802469136,-55,0,0
0.32,0.368,0.252,0.434782608695652,-98,0,0
0.332,0.419,0.268,0.537037037037037,83,0,0
0.339,0.403,0.258,0.428571428571429,-82,0,0
0.322,0.418,0.258,0.41358024691358,-151,0,0
0.352,0.43,0.278,0.481481481481481,17,0,0
0.326,0.401,0.252,0.462962962962963,-33,0,0
0.326,0.432,0.264,0.472049689440994,-81,0,0
0.319,0.415,0.258,0.475308641975309,2,0,0
0.33,0.427,0.266,0.518518518518518,31,0,0
0.324,0.422,0.263,0.376543209876543,-215,0,0
0.349,0.451,0.272,0.604938271604938,161,1,1
0.318,0.373,0.253,0.469135802469136,-30,0,0
0.328,0.412,0.262,0.512345679012346,24,0,0
0.309,0.371,0.252,0.450617283950617,-40,0,0
0.346,0.428,0.276,0.561728395061728,45,0,0
0.328,0.43,0.261,0.524691358024691,-20,1,0
0.328,0.401,0.265,0.561728395061728,21,0,0
0.339,0.434,0.268,0.567901234567901,125,0,0
0.336,0.418,0.262,0.549382716049383,30,0,0
0.333,0.428,0.26,0.5,17,0,0
0.327,0.41,0.254,0.493827160493827,-47,0,0
0.33,0.403,0.264,0.493827160493827,-21,0,0
0.332,0.378,0.26,0.401234567901235,-95,0,0
0.335,0.428,0.272,0.481481481481481,-41,0,0
0.324,0.43,0.26,0.555555555555556,114,1,0
0.34,0.378,0.263,0.58641975308642,105,1,0
0.333,0.43,0.266,0.462962962962963,-26,0,0
0.336,0.446,0.269,0.592592592592593,190,0,0
0.319,0.381,0.25,0.447204968944099,-104,0,0
0.327,0.395,0.258,0.450617283950617,-52,0,0
0.346,0.415,0.271,0.590062111801242,98,1,0
0.338,0.404,0.255,0.567901234567901,102,1,0
0.318,0.398,0.256,0.4375,-101,0,0
0.31,0.363,0.247,0.444444444444444,-55,0,0
0.325,0.387,0.254,0.530864197530864,15,0,0
0.337,0.43,0.284,0.515337423312883,-10,0,0
0.338,0.424,0.263,0.537037037037037,84,0,0
0.322,0.381,0.255,0.592592592592593,85,1,0
0.313,0.39,0.252,0.469135802469136,-19,0,0
0.313,0.37,0.251,0.450617283950617,-41,0,0
0.321,0.385,0.255,0.478260869565217,-67,0,0
0.325,0.428,0.261,0.438271604938272,-98,0,0
0.322,0.379,0.254,0.484472049689441,-51,0,0
0.339,0.401,0.263,0.666666666666667,205,1,1
0.347,0.43,0.271,0.555555555555556,59,0,0
0.322,0.39,0.252,0.469135802469136,-29,0,0
0.327,0.4,0.253,0.53416149068323,26,0,0
0.321,0.374,0.25,0.395061728395062,-37,0,0
0.321,0.388,0.261,0.45679012345679,-67,0,0
0.326,0.399,0.253,0.41358024691358,-117,0,0
0.322,0.375,0.253,0.512345679012346,80,0,0
0.309,0.327,0.236,0.490683229813665,-10,0,0
0.331,0.428,0.267,0.537037037037037,28,0,0
0.329,0.427,0.269,0.52760736196319,76,0,0
0.315,0.363,0.246,0.407407407407407,-149,0,0
0.336,0.43,0.263,0.515527950310559,54,0,0
0.347,0.429,0.282,0.496932515337423,80,0,0
0.333,0.386,0.251,0.555555555555556,29,0,0
0.324,0.39,0.254,0.475308641975309,-43,0,0
0.315,0.392,0.253,0.521472392638037,16,0,0
0.327,0.376,0.255,0.549382716049383,11,0,0
0.324,0.385,0.265,0.37037037037037,-132,0,0
0.318,0.424,0.253,0.521739130434783,41,0,0
0.319,0.388,0.261,0.512345679012346,15,0,0
0.313,0.401,0.252,0.561728395061728,48,1,0
0.328,0.382,0.261,0.58641975308642,103,1,0
0.319,0.379,0.263,0.440993788819876,-112,0,0
0.326,0.407,0.264,0.475308641975309,-77,0,0
0.31,0.375,0.247,0.521739130434783,-3,0,0
0.323,0.385,0.257,0.604938271604938,127,0,0
0.344,0.425,0.267,0.602484472049689,179,0,0
0.325,0.401,0.264,0.475308641975309,-30,0,0
0.312,0.383,0.245,0.462962962962963,-6,0,0
0.311,0.347,0.247,0.354037267080745,-140,0,0
0.32,0.368,0.255,0.512345679012346,28,0,0
0.326,0.412,0.255,0.45679012345679,-99,0,0
0.299,0.348,0.233,0.382716049382716,-118,0,0
0.335,0.379,0.264,0.623456790123457,175,1,1
0.322,0.381,0.253,0.385093167701863,-168,0,0
0.331,0.425,0.269,0.614906832298137,171,1,0
0.317,0.361,0.247,0.493827160493827,-23,0,0
0.328,0.391,0.252,0.524691358024691,14,0,0
0.341,0.441,0.283,0.530864197530864,46,0,0
0.319,0.381,0.249,0.5,-1,0,0
0.331,0.397,0.26,0.596273291925466,104,1,0
0.314,0.395,0.247,0.45679012345679,-57,0,0
0.313,0.356,0.244,0.432098765432099,-120,0,0
0.335,0.384,0.265,0.460122699386503,-5,0,0
0.342,0.432,0.271,0.641975308641975,186,1,1
0.323,0.371,0.264,0.493827160493827,63,0,0
0.317,0.399,0.268,0.518518518518518,-13,1,0
0.306,0.348,0.244,0.487654320987654,-20,0,0
0.317,0.37,0.262,0.416149068322981,-93,0,0
0.318,0.385,0.265,0.5,-2,0,0
0.312,0.362,0.251,0.484472049689441,8,0,0
0.32,0.369,0.257,0.555555555555556,-24,0,0
0.339,0.404,0.276,0.537037037037037,79,0,0
0.327,0.404,0.259,0.475308641975309,-58,0,0
0.333,0.407,0.266,0.5,30,0,0
0.31,0.363,0.255,0.462962962962963,48,0,0
0.317,0.371,0.259,0.567901234567901,52,1,0
0.324,0.384,0.258,0.45679012345679,-92,0,0
0.328,0.375,0.265,0.407407407407407,-125,0,0
0.317,0.351,0.252,0.518518518518518,7,0,0
0.313,0.377,0.261,0.428571428571429,-58,0,0
0.331,0.421,0.273,0.54601226993865,54,0,0
0.341,0.4,0.272,0.54320987654321,106,0,0
0.34,0.421,0.269,0.604938271604938,147,1,0
0.335,0.409,0.27,0.481481481481481,-51,0,0
0.322,0.393,0.26,0.432098765432099,-57,0,0
0.319,0.401,0.261,0.438271604938272,-18,0,0
0.329,0.413,0.262,0.611111111111111,150,1,1
0.314,0.356,0.239,0.45679012345679,-87,0,0
0.338,0.369,0.265,0.432098765432099,-81,0,0
0.335,0.427,0.274,0.567901234567901,110,0,0
0.32,0.375,0.257,0.524691358024691,-3,0,0
0.32,0.397,0.271,0.484662576687117,-71,0,0
0.318,0.379,0.25,0.558282208588957,45,1,0
0.333,0.418,0.277,0.537037037037037,56,0,0
0.319,0.401,0.261,0.432098765432099,-113,0,0
0.326,0.386,0.264,0.503067484662577,31,0,0
0.3,0.344,0.241,0.419753086419753,-105,0,0
0.337,0.416,0.273,0.561728395061728,67,0,0
0.326,0.381,0.262,0.45679012345679,-74,0,0
0.329,0.373,0.249,0.552147239263804,61,1,0
0.325,0.383,0.264,0.518518518518518,11,0,0
0.311,0.351,0.25,0.496932515337423,0,0,0
0.301,0.36,0.24,0.37037037037037,-182,0,0
0.325,0.375,0.247,0.487654320987654,-10,0,0
0.335,0.384,0.27,0.487654320987654,-31,0,0
0.31,0.366,0.255,0.47239263803681,30,0,0
0.338,0.436,0.277,0.549382716049383,69,0,0
0.325,0.383,0.256,0.549382716049383,37,1,0
0.341,0.419,0.266,0.576687116564417,87,0,0
0.34,0.407,0.274,0.549382716049383,40,0,0
0.347,0.433,0.274,0.574074074074074,144,1,0
0.317,0.375,0.26,0.450617283950617,-33,0,0
0.337,0.413,0.273,0.537037037037037,76,0,0
0.31,0.35,0.251,0.376543209876543,-116,0,0
0.341,0.373,0.262,0.481481481481481,-65,0,0
0.324,0.418,0.266,0.512345679012346,44,0,0
0.302,0.349,0.247,0.475308641975309,-51,0,0
0.337,0.428,0.285,0.555555555555556,67,0,0
0.327,0.388,0.264,0.54320987654321,79,0,0
0.335,0.455,0.279,0.582822085889571,174,1,1
0.316,0.396,0.257,0.37037037037037,-162,0,0
0.325,0.396,0.262,0.530864197530864,81,0,0
0.305,0.35,0.247,0.401234567901235,-114,0,0
0.328,0.398,0.256,0.487654320987654,-7,0,0
0.309,0.367,0.236,0.419753086419753,-128,0,0
0.323,0.376,0.26,0.549382716049383,10,0,0
0.327,0.408,0.273,0.518518518518518,28,0,0
0.311,0.359,0.257,0.5,17,0,0
0.311,0.381,0.254,0.469135802469136,-61,0,0
0.327,0.376,0.253,0.537037037037037,-14,0,0
0.334,0.364,0.264,0.567901234567901,76,1,0
0.308,0.359,0.249,0.395061728395062,-159,0,0
0.314,0.383,0.262,0.481481481481481,-50,0,0
0.307,0.38,0.25,0.503105590062112,-30,0,0
0.342,0.413,0.273,0.617283950617284,165,0,0
0.34,0.436,0.283,0.51875,-10,0,0
0.332,0.378,0.265,0.40625,-99,0,0
0.309,0.365,0.251,0.395061728395062,-114,0,0
0.311,0.37,0.259,0.432098765432099,-135,0,0
0.327,0.386,0.262,0.54601226993865,37,0,0
0.35,0.381,0.277,0.49375,-69,0,0
0.348,0.409,0.273,0.515337423312883,73,0,0
0.326,0.367,0.261,0.570552147239264,48,1,0
0.345,0.413,0.286,0.598765432098765,115,1,0
0.323,0.388,0.263,0.56441717791411,72,0,0
0.329,0.448,0.275,0.530864197530864,129,0,0
0.319,0.381,0.265,0.478260869565217,-54,0,0
0.324,0.388,0.257,0.555555555555556,65,0,0
0.319,0.345,0.257,0.41358024691358,-91,0,0
0.343,0.425,0.267,0.635802469135803,158,1,1
0.322,0.385,0.259,0.512345679012346,44,0,0
0.327,0.4,0.27,0.561728395061728,89,1,0
0.322,0.388,0.266,0.512345679012346,20,0,0
0.324,0.342,0.255,0.447852760736196,-63,0,0
0.308,0.356,0.248,0.361963190184049,-183,0,0
0.308,0.342,0.244,0.46583850931677,-61,0,0
0.328,0.4,0.275,0.45679012345679,28,0,0
0.339,0.405,0.284,0.466257668711656,4,0,0
0.309,0.383,0.251,0.41358024691358,-138,0,0
0.318,0.377,0.256,0.4125,-94,0,0
0.336,0.419,0.261,0.641509433962264,175,1,1
0.344,0.456,0.283,0.56875,130,0,0
0.351,0.429,0.282,0.54320987654321,98,1,0
0.329,0.403,0.269,0.493827160493827,-1,0,0
0.333,0.41,0.275,0.45625,-18,0,0
0.338,0.396,0.264,0.559006211180124,87,1,0
0.34,0.384,0.258,0.503105590062112,-45,0,0
0.339,0.415,0.269,0.521739130434783,32,0,0
0.315,0.344,0.256,0.549382716049383,1,0,0
0.343,0.422,0.282,0.524691358024691,35,0,0
0.331,0.412,0.263,0.487654320987654,22,0,0
0.345,0.448,0.28,0.590062111801242,85,0,0
0.341,0.402,0.278,0.506172839506173,39,0,0
0.319,0.408,0.264,0.59375,120,0,0
0.313,0.35,0.25,0.386503067484663,-113,0,0
0.328,0.406,0.266,0.55625,62,0,0
0.302,0.346,0.239,0.333333333333333,-287,0,0
0.34,0.396,0.266,0.515337423312883,-35,0,0
0.33,0.416,0.272,0.601226993865031,132,1,0
0.311,0.348,0.242,0.422360248447205,-78,0,0
0.331,0.404,0.269,0.41358024691358,-109,0,0
0.319,0.365,0.246,0.438271604938272,-79,0,0
0.331,0.401,0.278,0.52760736196319,38,0,0
0.334,0.409,0.278,0.512345679012346,52,0,0
0.311,0.363,0.251,0.327160493827161,-249,0,0
0.315,0.363,0.244,0.425925925925926,-150,0,0
0.326,0.396,0.258,0.559006211180124,26,0,0
0.336,0.424,0.267,0.607361963190184,139,0,0
0.33,0.37,0.259,0.537037037037037,25,0,0
0.331,0.361,0.264,0.487654320987654,-60,0,0
0.317,0.379,0.264,0.440993788819876,-97,0,0
0.334,0.393,0.256,0.571428571428571,22,0,0
0.323,0.379,0.261,0.433962264150943,-55,0,0
0.339,0.392,0.271,0.530864197530864,61,0,0
0.313,0.355,0.258,0.45679012345679,-29,0,0
0.329,0.399,0.268,0.567901234567901,109,1,0
0.338,0.402,0.264,0.58641975308642,154,1,0
0.339,0.432,0.276,0.574074074074074,154,0,0
0.339,0.375,0.267,0.450617283950617,-12,0,0
0.306,0.379,0.254,0.469135802469136,22,0,0
0.314,0.352,0.245,0.407407407407407,-83,0,0
0.329,0.388,0.267,0.613496932515337,153,1,1
0.303,0.351,0.245,0.425925925925926,-158,0,0
0.328,0.388,0.258,0.555555555555556,122,1,0
0.32,0.385,0.257,0.546583850931677,47,0,0
0.321,0.348,0.252,0.518518518518518,-7,0,0
0.314,0.359,0.248,0.35,-220,0,0
0.318,0.374,0.248,0.549382716049383,19,0,0
0.303,0.358,0.249,0.425925925925926,-57,0,0
0.332,0.381,0.253,0.537037037037037,60,0,0
0.308,0.359,0.25,0.366459627329193,-185,0,0
0.32,0.376,0.254,0.376543209876543,-217,0,0
0.329,0.393,0.261,0.602484472049689,66,0,0
0.345,0.465,0.281,0.602484472049689,147,0,0
0.324,0.386,0.255,0.45679012345679,-20,0,0
0.33,0.387,0.266,0.5,-47,0,0
0.344,0.444,0.278,0.555555555555556,73,0,0
0.345,0.436,0.274,0.54320987654321,77,0,0
0.334,0.38,0.269,0.440993788819876,-63,0,0
0.318,0.41,0.264,0.45679012345679,-37,0,0
0.32,0.385,0.254,0.5,30,0,0
0.34,0.436,0.277,0.62962962962963,171,1,1
0.336,0.418,0.266,0.604938271604938,187,1,0
0.314,0.389,0.258,0.41358024691358,-126,0,0
0.348,0.417,0.282,0.521739130434783,91,0,0
0.318,0.402,0.26,0.462962962962963,-71,0,0
0.313,0.346,0.244,0.395061728395062,-76,0,0
0.344,0.444,0.281,0.617283950617284,180,1,0
0.308,0.352,0.24,0.391304347826087,-144,0,0
0.346,0.448,0.279,0.623456790123457,179,1,0
0.331,0.413,0.274,0.592592592592593,69,0,0
0.324,0.375,0.249,0.425925925925926,-142,0,0
0.312,0.381,0.256,0.395061728395062,-231,0,0
0.323,0.383,0.253,0.462962962962963,-38,0,0
0.33,0.388,0.27,0.512345679012346,49,0,0
0.342,0.405,0.27,0.580246913580247,110,0,0
0.316,0.365,0.252,0.335403726708075,-217,0,0
0.32,0.334,0.245,0.432098765432099,-80,0,0
0.31,0.358,0.243,0.54320987654321,21,0,0
0.324,0.402,0.263,0.512345679012346,56,0,0
0.306,0.318,0.235,0.469135802469136,-81,0,0
0.313,0.356,0.251,0.462962962962963,-117,0,0
0.314,0.349,0.255,0.397515527950311,-159,0,0
0.357,0.424,0.28,0.62962962962963,224,1,1
0.321,0.359,0.263,0.509433962264151,0,0,0
0.315,0.365,0.257,0.459627329192547,-100,0,0
0.322,0.347,0.256,0.493827160493827,-32,0,0
0.327,0.371,0.269,0.555555555555556,102,1,0
0.313,0.349,0.251,0.567901234567901,65,0,0
0.311,0.34,0.246,0.409937888198758,-85,0,0
0.341,0.375,0.274,0.524691358024691,39,0,0
0.291,0.34,0.235,0.339506172839506,-203,0,0
0.319,0.352,0.246,0.530864197530864,77,0,0
0.328,0.389,0.269,0.610062893081761,155,1,0
0.323,0.361,0.246,0.540372670807453,88,0,0
0.338,0.395,0.272,0.623456790123457,213,1,0
0.321,0.391,0.267,0.567901234567901,78,0,0
0.31,0.337,0.247,0.450617283950617,-92,0,0
0.312,0.345,0.246,0.45679012345679,-91,0,0
0.323,0.359,0.26,0.444444444444444,-42,0,0
0.321,0.341,0.25,0.469135802469136,-36,0,0
0.313,0.346,0.244,0.416149068322981,-156,0,0
0.326,0.373,0.252,0.566037735849057,129,0,0
0.344,0.417,0.275,0.59375,87,1,0
0.322,0.328,0.246,0.447204968944099,-95,0,0
0.338,0.368,0.259,0.462962962962963,-115,0,0
0.331,0.358,0.255,0.46583850931677,-48,0,0
0.353,0.401,0.271,0.666666666666667,254,1,1
0.327,0.392,0.261,0.49685534591195,-15,0,0
0.301,0.366,0.249,0.358490566037736,-216,0,0
0.32,0.359,0.254,0.395061728395062,-47,0,0
0.333,0.394,0.261,0.561728395061728,61,0,0
0.325,0.365,0.248,0.54320987654321,114,0,0
0.32,0.389,0.25,0.419753086419753,-117,0,0
0.341,0.386,0.271,0.477987421383648,-12,0,0
0.317,0.348,0.244,0.462962962962963,-89,0,0
0.319,0.361,0.256,0.506172839506173,21,0,0
0.325,0.382,0.264,0.51875,93,0,0
0.333,0.391,0.254,0.604938271604938,152,1,0
0.342,0.402,0.269,0.530864197530864,41,0,0
0.323,0.402,0.263,0.571428571428571,147,1,0
0.31,0.335,0.244,0.438271604938272,-131,0,0
0.333,0.365,0.259,0.496894409937888,-12,0,0
0.327,0.375,0.273,0.503067484662577,-27,0,0
0.33,0.371,0.256,0.487654320987654,-19,0,0
0.319,0.363,0.249,0.539877300613497,98,0,0
0.322,0.37,0.256,0.561728395061728,47,1,0
0.333,0.377,0.264,0.518518518518518,35,0,0
0.321,0.356,0.254,0.417177914110429,-39,0,0
0.327,0.365,0.251,0.407407407407407,-157,0,0
0.33,0.389,0.268,0.49079754601227,-37,0,0
0.343,0.394,0.26,0.601226993865031,145,0,0
0.311,0.37,0.255,0.475308641975309,-32,0,0
0.303,0.366,0.247,0.444444444444444,-148,0,0
0.322,0.378,0.263,0.5,21,0,0
0.327,0.364,0.259,0.475308641975309,5,0,0
0.342,0.401,0.272,0.62962962962963,237,1,1
0.309,0.369,0.244,0.469135802469136,-13,0,0
0.336,0.378,0.272,0.503067484662577,4,0,0
0.335,0.35,0.254,0.490683229813665,5,0,0
0.311,0.329,0.235,0.438271604938272,-74,0,0
0.324,0.368,0.263,0.549382716049383,48,0,0
0.321,0.373,0.247,0.555555555555556,138,1,0
0.32,0.373,0.261,0.493827160493827,-25,0,0
0.335,0.391,0.274,0.54320987654321,94,1,0
0.302,0.33,0.229,0.37037037037037,-289,0,0
0.322,0.358,0.252,0.444444444444444,-89,0,0
0.331,0.365,0.265,0.53416149068323,34,0,0
0.336,0.377,0.272,0.515527950310559,-8,0,0
0.339,0.427,0.266,0.469135802469136,25,0,0
0.345,0.389,0.266,0.598765432098765,193,1,0
0.338,0.401,0.267,0.549382716049383,91,0,0
0.318,0.348,0.253,0.487654320987654,-28,0,0
0.32,0.357,0.247,0.478260869565217,-41,0,0
0.324,0.372,0.256,0.475308641975309,-53,0,0
0.332,0.383,0.254,0.611111111111111,120,1,1
0.315,0.387,0.256,0.438271604938272,-146,0,0
0.32,0.39,0.254,0.524691358024691,-32,0,0
0.312,0.376,0.251,0.506172839506173,9,0,0
0.339,0.381,0.261,0.54320987654321,3,0,0
0.323,0.371,0.263,0.58641975308642,110,0,0
0.325,0.388,0.253,0.45679012345679,-23,0,0
0.342,0.393,0.27,0.5,46,0,0
0.34,0.364,0.251,0.487654320987654,-34,0,0
0.315,0.338,0.246,0.509316770186335,20,1,0
0.322,0.378,0.261,0.493827160493827,31,0,0
0.333,0.389,0.26,0.580246913580247,143,1,0
0.31,0.371,0.249,0.438271604938272,-75,0,0
0.315,0.405,0.261,0.493827160493827,11,0,0
0.296,0.351,0.244,0.37037037037037,-222,0,0
0.335,0.407,0.262,0.54320987654321,37,0,0
0.325,0.357,0.259,0.5,40,0,0
0.318,0.361,0.255,0.351851851851852,-225,0,0
0.312,0.385,0.257,0.506172839506173,-56,0,0
0.347,0.398,0.261,0.639240506329114,212,1,1
0.322,0.397,0.252,0.524691358024691,24,0,0
0.29,0.329,0.231,0.469135802469136,-65,0,0
0.325,0.378,0.258,0.512345679012346,-11,0,0
0.325,0.373,0.25,0.487654320987654,20,0,0
0.3,0.366,0.241,0.487654320987654,5,0,0
0.3,0.342,0.238,0.37037037037037,-204,0,0
0.325,0.405,0.254,0.561728395061728,56,0,0
0.302,0.34,0.24,0.487654320987654,18,0,0
0.313,0.353,0.25,0.527950310559006,37,0,0
0.325,0.37,0.266,0.549382716049383,76,0,0
0.304,0.329,0.229,0.428571428571429,-75,0,0
0.323,0.372,0.26,0.4625,-16,0,0
0.322,0.343,0.246,0.438271604938272,-107,0,0
0.319,0.351,0.249,0.512345679012346,38,0,0
0.328,0.36,0.254,0.5,7,0,0
0.321,0.384,0.252,0.627329192546584,127,1,1
0.298,0.35,0.233,0.41358024691358,-130,0,0
0.33,0.416,0.274,0.598765432098765,189,1,0
0.293,0.332,0.233,0.37888198757764,-124,0,0
0.329,0.378,0.247,0.555555555555556,62,1,0
0.338,0.385,0.275,0.552147239263804,40,0,0
0.307,0.326,0.23,0.39622641509434,-123,0,0
0.334,0.404,0.27,0.469135802469136,-36,0,0
0.344,0.401,0.257,0.666666666666667,218,1,1
0.335,0.428,0.262,0.537037037037037,64,0,0
0.309,0.363,0.251,0.530864197530864,1,0,0
0.333,0.415,0.259,0.518518518518518,127,0,0
0.315,0.362,0.253,0.345679012345679,-189,0,0
0.336,0.436,0.27,0.62962962962963,94,1,0
0.314,0.394,0.249,0.469135802469136,-26,0,0
0.322,0.374,0.238,0.487654320987654,-65,0,0
0.332,0.391,0.259,0.487654320987654,-19,0,0
0.309,0.348,0.244,0.401234567901235,-94,0,0
0.334,0.382,0.27,0.540372670807453,65,0,0
0.319,0.358,0.242,0.398773006134969,-138,0,0
0.327,0.403,0.262,0.604938271604938,139,1,0
0.323,0.365,0.237,0.450617283950617,-120,0,0
0.333,0.37,0.249,0.512345679012346,65,0,0
0.324,0.365,0.251,0.570552147239264,68,0,0
0.325,0.392,0.249,0.549382716049383,85,0,0
0.305,0.356,0.238,0.453416149068323,-136,0,0
0.325,0.406,0.27,0.549382716049383,65,1,0
0.312,0.391,0.246,0.388888888888889,-107,0,0
0.351,0.409,0.262,0.530864197530864,5,0,0
0.331,0.379,0.263,0.469135802469136,-3,0,0
0.321,0.358,0.238,0.432098765432099,-63,0,0
0.321,0.38,0.258,0.574074074074074,60,1,0
0.343,0.414,0.265,0.672839506172839,262,1,1
0.333,0.415,0.251,0.537037037037037,7,0,0
0.3,0.319,0.23,0.43558282208589,-124,0,0
0.323,0.384,0.253,0.56441717791411,109,0,0
0.32,0.357,0.247,0.419753086419753,-98,0,0
0.335,0.422,0.277,0.54601226993865,30,0,0
0.307,0.345,0.237,0.385093167701863,-144,0,0
0.316,0.387,0.242,0.555555555555556,100,0,0
0.33,0.352,0.24,0.5,8,0,0
0.309,0.338,0.24,0.423312883435583,-102,0,0
0.315,0.359,0.254,0.524691358024691,84,0,0
0.34,0.408,0.268,0.598765432098765,172,1,0
0.31,0.359,0.24,0.320987654320988,-209,0,0
0.311,0.351,0.242,0.617283950617284,91,1,0
0.308,0.344,0.235,0.493827160493827,-25,0,0
0.329,0.376,0.249,0.54320987654321,62,0,0
0.312,0.372,0.241,0.388888888888889,-100,0,0
0.334,0.398,0.277,0.54320987654321,73,0,0
0.285,0.329,0.225,0.320987654320988,-278,0,0
0.316,0.346,0.234,0.392638036809816,-160,0,0
0.334,0.361,0.242,0.555555555555556,77,0,0
0.316,0.359,0.253,0.537037037037037,55,0,0
0.33,0.378,0.251,0.530864197530864,50,0,0
0.307,0.339,0.252,0.496932515337423,-35,0,0
0.304,0.352,0.225,0.561728395061728,82,0,0
0.313,0.352,0.236,0.530864197530864,3,0,0
0.291,0.318,0.227,0.41358024691358,-117,0,0
0.298,0.366,0.242,0.515337423312883,1,0,0
0.284,0.311,0.228,0.41358024691358,-64,0,0
0.32,0.389,0.273,0.50920245398773,17,0,0
0.293,0.327,0.234,0.530864197530864,12,0,0
0.307,0.385,0.235,0.628048780487805,179,1,1
0.298,0.317,0.231,0.444444444444444,-78,0,0
0.289,0.319,0.23,0.469135802469136,-39,0,0
0.299,0.35,0.237,0.487654320987654,16,0,0
0.281,0.315,0.228,0.447852760736196,-26,0,0
0.292,0.318,0.214,0.50609756097561,5,0,0
0.304,0.343,0.24,0.503067484662577,25,0,0
0.294,0.333,0.233,0.469135802469136,-72,0,0
0.306,0.343,0.252,0.49079754601227,51,0,0
0.307,0.341,0.239,0.539877300613497,70,0,0
0.298,0.346,0.249,0.598765432098765,111,1,0
0.287,0.336,0.224,0.403726708074534,-141,0,0
0.307,0.372,0.24,0.475308641975309,-9,0,0
0.31,0.372,0.24,0.472049689440994,62,0,0
0.321,0.395,0.255,0.567901234567901,108,1,0
0.301,0.349,0.238,0.521739130434783,-20,0,0
0.316,0.378,0.251,0.537037037037037,78,0,0
0.291,0.32,0.225,0.549382716049383,40,0,0
0.297,0.372,0.248,0.537037037037037,41,0,0
0.293,0.359,0.235,0.462962962962963,-54,0,0
0.325,0.376,0.243,0.558282208588957,96,0,0
0.317,0.364,0.249,0.425925925925926,-116,0,0
0.296,0.33,0.233,0.385093167701863,-127,0,0
0.301,0.332,0.236,0.450617283950617,-76,0,0
0.309,0.369,0.24,0.554878048780488,81,0,0
0.288,0.325,0.238,0.376543209876543,-174,0,0
0.296,0.317,0.225,0.441717791411043,-99,0,0
0.313,0.357,0.242,0.506172839506173,31,0,0
0.324,0.38,0.277,0.496932515337423,-14,0,0
0.313,0.372,0.245,0.561728395061728,101,0,0
0.32,0.379,0.263,0.627329192546584,138,1,1
0.288,0.326,0.223,0.472049689440994,-87,0,0
0.326,0.424,0.263,0.521472392638037,99,0,0
0.324,0.409,0.258,0.60625,154,1,1
0.31,0.376,0.24,0.444444444444444,-76,0,0
0.303,0.354,0.232,0.493827160493827,-39,0,0
0.313,0.38,0.254,0.364197530864198,-165,0,0
0.297,0.331,0.231,0.50920245398773,57,0,0
0.309,0.395,0.26,0.475,-10,0,0
0.297,0.36,0.237,0.5,-12,0,0
0.321,0.406,0.251,0.54320987654321,21,0,0
0.318,0.365,0.255,0.441717791411043,-83,0,0
0.294,0.337,0.236,0.4625,-84,0,0
0.314,0.362,0.256,0.58641975308642,116,1,0
0.316,0.382,0.249,0.549382716049383,82,0,0
0.301,0.342,0.239,0.409937888198758,-174,0,0
0.299,0.374,0.235,0.4375,-1,0,0
0.322,0.378,0.258,0.537037037037037,56,0,0
0.329,0.428,0.279,0.567901234567901,118,0,0
0.303,0.392,0.248,0.577639751552795,49,0,0
0.298,0.368,0.251,0.512345679012346,-6,0,0
0.295,0.355,0.234,0.446540880503145,-102,0,0
0.307,0.363,0.238,0.580246913580247,63,0,0
0.327,0.4,0.251,0.382716049382716,-122,0,0
0.297,0.341,0.239,0.462962962962963,-42,0,0
0.307,0.358,0.238,0.439024390243902,-88,0,0
0.315,0.364,0.246,0.58641975308642,92,0,0
0.339,0.439,0.273,0.549382716049383,121,0,0
0.315,0.379,0.25,0.537037037037037,50,0,0
0.312,0.374,0.238,0.549382716049383,78,0,0
0.305,0.34,0.237,0.401234567901235,-142,0,0
0.309,0.358,0.24,0.364197530864198,-170,0,0
0.312,0.335,0.245,0.598765432098765,87,1,0
0.324,0.399,0.254,0.62962962962963,174,1,1
0.31,0.416,0.256,0.530864197530864,75,0,0
0.277,0.327,0.221,0.304878048780488,-257,0,0
0.299,0.364,0.235,0.475308641975309,7,0,0
0.313,0.384,0.25,0.524691358024691,-13,0,0
0.317,0.382,0.265,0.552147239263804,95,0,0
0.313,0.385,0.252,0.582822085889571,89,0,0
0.314,0.371,0.254,0.493827160493827,33,0,0
0.304,0.35,0.228,0.432098765432099,-130,0,0
0.316,0.387,0.248,0.595092024539877,112,0,0
0.322,0.416,0.258,0.444444444444444,-105,0,0
0.314,0.39,0.251,0.469135802469136,-75,0,0
0.32,0.353,0.247,0.604938271604938,141,0,0
0.308,0.372,0.249,0.56441717791411,94,0,0
0.312,0.38,0.247,0.481707317073171,-4,0,0
0.319,0.395,0.253,0.521472392638037,21,0,0
0.285,0.315,0.229,0.407407407407407,-133,0,0
0.311,0.379,0.239,0.349693251533742,-215,0,0
0.304,0.344,0.242,0.506172839506173,-7,0,0
0.305,0.34,0.25,0.48780487804878,42,0,0
0.322,0.427,0.252,0.484662576687117,59,0,0
0.333,0.418,0.272,0.54320987654321,59,0,0
0.296,0.348,0.246,0.325153374233129,-207,0,0
0.317,0.387,0.253,0.603658536585366,153,1,1
0.315,0.391,0.258,0.567901234567901,61,0,0
0.315,0.389,0.264,0.493827160493827,27,0,0
0.31,0.382,0.246,0.555555555555556,69,0,0
0.324,0.392,0.272,0.574074074074074,63,1,0
0.299,0.348,0.231,0.382716049382716,-155,0,0
0.31,0.38,0.249,0.530864197530864,23,0,0
0.312,0.4,0.252,0.472049689440994,-38,0,0
0.297,0.363,0.238,0.506172839506173,-8,0,0
0.323,0.365,0.25,0.580246913580247,139,0,0
0.31,0.371,0.246,0.530864197530864,54,0,0
0.301,0.381,0.239,0.487654320987654,-67,0,0
0.327,0.382,0.252,0.487654320987654,-3,0,0
0.283,0.301,0.22,0.407407407407407,-176,0,0
0.313,0.353,0.247,0.450617283950617,-89,0,0
0.309,0.354,0.25,0.434782608695652,-63,0,0
0.309,0.357,0.251,0.607361963190184,90,1,0
0.325,0.43,0.255,0.565217391304348,165,0,0
0.312,0.37,0.244,0.515337423312883,74,0,0
0.285,0.315,0.219,0.314814814814815,-273,0,0
0.309,0.403,0.252,0.645962732919255,167,1,1
0.306,0.381,0.252,0.537037037037037,64,0,0
0.309,0.359,0.25,0.45679012345679,-28,0,0
0.316,0.414,0.258,0.54320987654321,84,0,0
0.326,0.403,0.271,0.574074074074074,119,0,0
0.293,0.351,0.227,0.345679012345679,-234,0,0
0.314,0.387,0.248,0.475308641975309,-28,0,0
0.324,0.403,0.258,0.475,-49,0,0
0.317,0.377,0.253,0.364197530864198,-195,0,0
0.334,0.372,0.257,0.524691358024691,49,0,0
0.332,0.417,0.27,0.604938271604938,117,0,0
0.312,0.388,0.245,0.493827160493827,-63,0,0
0.33,0.411,0.248,0.527950310559006,66,0,0
0.31,0.351,0.246,0.395061728395062,-125,0,0
0.332,0.386,0.263,0.444444444444444,-92,0,0
0.325,0.38,0.25,0.530864197530864,12,0,0
0.337,0.4,0.268,0.618181818181818,145,0,0
0.338,0.412,0.26,0.558282208588957,85,0,0
0.326,0.403,0.252,0.530864197530864,65,0,0
0.318,0.361,0.24,0.248447204968944,-331,0,0
0.337,0.426,0.267,0.592592592592593,137,1,0
0.33,0.39,0.26,0.503105590062112,-54,0,0
0.321,0.394,0.268,0.577639751552795,80,0,0
0.341,0.441,0.278,0.624242424242424,188,1,1
0.335,0.394,0.271,0.515337423312883,110,0,0
0.308,0.373,0.25,0.37037037037037,-117,0,0
